{
  "x": [
    0,
    1,
    2,
    3,
    4,
    5,
    6,
    7,
    8,
    9,
    10,
    11,
    12,
    13,
    14,
    15,
    16,
    17,
    18,
    19,
    20,
    21,
    22,
    23,
    24,
    25,
    26,
    27,
    28,
    29,
    30,
    31,
    32,
    33,
    34,
    35,
    36,
    37,
    38,
    39,
    40,
    41,
    42,
    43,
    44,
    45,
    46,
    47,
    48,
    49,
    50,
    51,
    52,
    53,
    54,
    55,
    56,
    57,
    58,
    59,
    60,
    61,
    62,
    63,
    64,
    65,
    66,
    67,
    68,
    69,
    70,
    71,
    72,
    73,
    74,
    75,
    76,
    77,
    78,
    79,
    80,
    81,
    82,
    83,
    84,
    85,
    86,
    87,
    88,
    89,
    90,
    91,
    92,
    93,
    94,
    95,
    96,
    97,
    98,
    99,
    100
  ],
  "y": [
    82.08686830962166,
    47.06671607880124,
    16.855555842624593,
    67.68771401187462,
    91.14491265306499,
    16.898243842507398,
    98.83882101016145,
    87.23311466530934,
    40.73694097448302,
    82.3977994689186,
    29.568504590721155,
    68.4643532161743,
    55.47763607236151,
    19.68792766122085,
    40.07155722764073,
    84.98088780304222,
    38.70099615507077,
    60.14334128300454,
    86.5481991067731,
    87.44067678900167,
    45.985084397020515,
    15.348095314952491,
    49.318685228917644,
    87.79765040540373,
    88.20578452662933,
    25.844052580342016,
    11.90935064134555,
    54.55388836517192,
    65.06860494984072,
    99.67423463561207,
    69.20221934882203,
    17.603199327019748,
    28.391323452334415,
    98.68019340244172,
    69.21956562480509,
    21.666973589751983,
    3.564900876539512,
    29.401617733556517,
    62.01579406158928,
    91.44689140899216,
    83.19226056934413,
    96.25632504627781,
    41.79462531701375,
    9.501534922798061,
    36.45924553161177,
    44.51102264968061,
    31.552010606295156,
    63.694459303507564,
    80.36408715128138,
    42.40419875051633,
    58.02634012526977,
    72.55060978797643,
    76.6749967586858,
    65.64258141311696,
    56.425380529416834,
    34.68910906025011,
    30.6888523597866,
    91.20726581322248,
    16.2991590019673,
    31.614572562611198,
    27.484300688067954,
    64.44575424717516,
    62.63956143451486,
    25.735417253174163,
    57.04379034766636,
    86.23464705465942,
    97.140106111886,
    86.39625279533303,
    87.41972419855529,
    85.11336869635424,
    30.19434564715762,
    51.87618808742034,
    1.3668274037810235,
    33.7833383029958,
    72.69294183276817,
    9.84448144880583,
    18.843609983501963,
    88.47138636965313,
    2.7477721351573337,
    75.7373826853714,
    19.52614742754355,
    3.899860097647201,
    76.07704376690513,
    15.387534181022344,
    42.1951477242998,
    3.6809594394326517,
    42.11957523258947,
    63.68176647109489,
    63.221173410013186,
    38.30359432913526,
    57.15783021961531,
    25.479146158280507,
    29.611189320965046,
    22.895064224480667,
    34.72585872308942,
    68.90634084688168,
    64.70504166334834,
    42.53258077101307,
    87.28028639295144,
    89.41715170987091,
    0.3824857709055607
  ]
}